"Geographic name","Incompletely enumerated Indian reserves and Indian settlements, 2011","Population, 2011","Total private dwellings, 2011","Private dwellings occupied by usual residents, 2011"
Canada,T,33476688,14569633,13320614
A0A,,46297,23950,18701
A0B,,20985,12585,8854
A0C,,12834,8272,5482
A0E,,23384,12733,9659
A0G,,36264,21153,14967
A0H,,18499,10355,7561
A0J,,8093,4679,3395
A0K,,27835,14300,11235
A0L,,7412,3420,2996
A0M,,6318,3260,2698
A0N,,14679,8319,6317
A0P,,13021,5133,4405
A0R,,2495,1146,950
A1A,,29505,12670,11918
A1B,,17781,8775,7642
A1C,,13213,7201,6368
A1E,,28411,13434,12571
A1G,,5430,2392,2284
A1H,,3467,1313,1249
A1K,,11295,4072,3954
A1L,,17755,6925,6518
A1M,,7359,2823,2691
A1N,,24298,10224,9650
A1S,,6555,2332,2305
A1V,,11065,4755,4521
A1W,,11064,4221,4049
A1X,,13749,5293,5077
A1Y,,5270,2305,2101
A2A,,8965,4044,3808
A2B,,4950,2311,1991
A2H,,25595,11572,10475
A2N,,8813,4147,3838
A2V,,7367,2976,2859
A5A,,7974,3463,3158
A8A,,6539,3722,2595
B0C,,2807,1688,1164
B0E,,26573,14472,11120
B0H,,10478,5789,4386
B0J,,40014,22689,17477
B0K,,36827,20135,15637
B0L,,2547,1650,1130
B0M,,17716,9602,7539
B0N,,39909,18244,16299
B0P,,40186,17914,16347
B0R,,5895,3668,2621
B0S,,17519,9797,7922
B0T,,15322,9104,6756
B0V,,5923,3318,2686
B0W,,31530,16032,13438
B1A,,16273,7301,6883
B1B,,1285,647,562
B1C,,1884,937,801
B1E,,1708,757,705
B1G,,1991,891,832
B1H,,10004,4550,4225
B1J,,1031,658,469
B1K,,3138,2095,1327
B1L,,4992,2001,1927
B1M,,1380,547,516
B1N,,5893,2640,2436
B1P,,14453,7309,6654
B1R,,4348,1790,1723
B1S,,8785,3849,3561
B1T,,368,426,176
B1V,,6428,2845,2709
B1W,,3252,939,888
B1X,,849,591,362
B1Y,,6199,2814,2511
B2A,,8292,3690,3460
B2C,,300,190,130
B2E,,36,65,15
B2G,,14492,7404,5919
B2H,,15351,7262,6701
B2J,,95,118,47
B2N,,20134,9896,9150
B2R,,2448,996,948
B2S,,7374,2843,2729
B2T,,16194,5934,5727
B2V,,12589,4640,4556
B2W,,31812,12679,12397
B2X,,11891,4919,4697
B2Y,,14648,7704,7232
B2Z,,8464,3245,3120
B3A,,19745,11413,10440
B3B,,1175,432,407
B3E,,6891,2689,2581
B3G,,10763,4184,4068
B3H,,18874,10877,9136
B3J,,5455,4152,3250
B3K,,20894,11503,10552
B3L,,17431,8805,8169
B3M,,29133,14396,13769
B3N,,12936,6469,6082
B3P,,8624,3913,3724
B3R,,8003,3942,3547
B3S,,10741,4963,4832
B3T,,16452,6338,6062
B3V,,5945,2403,2287
B3Z,,16170,6369,5925
B4A,,17508,7254,6871
B4B,,10232,3448,3352
B4C,,18922,7378,7223
B4E,,16974,6393,6229
B4G,,4817,1703,1669
B4H,,13971,7325,6131
B4N,,17608,8047,7646
B4P,,7866,4053,3448
B4R,,2994,1193,1131
B4V,,19714,9462,8570
B5A,,12688,6335,5597
B6L,,12840,5237,4996
B9A,,4734,2205,1968
C0A,,43792,22107,16991
C0B,,29418,14720,11457
C1A,,29357,13965,12936
C1B,,8533,3498,3274
C1C,,2630,1228,1136
C1E,,10122,4011,3719
C1N,,16352,7414,6949
E1A,,40191,18215,16805
E1B,,19149,8038,7750
E1C,,24231,13004,11746
E1E,,10442,4978,4709
E1G,,20134,7760,7495
E1H,,7320,3216,3076
E1J,,3377,1314,1291
E1N,,11733,5408,4832
E1V,,13573,6199,5755
E1W,,6936,3314,3083
E1X,,14015,6173,5729
E2A,,17714,8748,7873
E2E,,19437,7192,6968
E2G,,4978,1821,1785
E2H,,4819,2012,1911
E2J,,16506,7626,7183
E2K,,17722,8753,7921
E2L,,8092,5002,4218
E2M,,19537,8791,8231
E2N,,4358,1718,1657
E2P,,1454,583,556
E2R,,10,4,4
E2S,,6908,2652,2521
E2V,,14709,5785,5519
E3A,,27273,11883,11353
E3B,,35535,17201,15727
E3C,,10933,4191,4112
E3E,,4394,1647,1604
E3G,,8120,3158,3057
E3L,,9325,4294,3996
E3N,,14319,6761,6228
E3V,,11818,5935,5476
E3Y,,7747,3223,3134
E3Z,,4272,2010,1875
E4A,,3079,1794,1454
E4B,,4475,2561,1990
E4C,,2349,2173,1053
E4E,,9113,4250,3891
E4G,,2724,1129,1043
E4H,,4206,2134,1797
E4J,,4876,2043,1942
E4K,,6476,2573,2390
E4L,,7367,3586,3091
E4M,,1872,1652,822
E4N,,3715,1769,1489
E4P,,13749,7233,5762
E4R,,6253,3973,2658
E4S,,7056,3599,2978
E4T,,2233,1113,948
E4V,,4455,2119,1795
E4W,,8129,4053,3464
E4X,,3050,1380,1269
E4Y,,3173,1484,1357
E4Z,,5771,2860,2398
E5A,,1761,885,748
E5B,,3110,1699,1342
E5C,,4296,2053,1790
E5E,,925,641,381
E5G,,2539,1435,1128
E5H,,2965,1354,1225
E5J,,2016,1111,870
E5K,,7356,2928,2767
E5L,,3063,1349,1236
E5M,,2085,1023,864
E5N,,11577,4875,4428
E5P,,2642,1087,1014
E5R,,1504,756,613
E5S,,1838,1025,767
E5T,,3171,1896,1242
E5V,,731,485,330
E6A,,1297,623,534
E6B,,1679,764,678
E6C,,2309,952,901
E6E,,1509,748,606
E6G,,2714,1371,1133
E6H,,1338,857,542
E6J,,1321,625,577
E6K,,3673,2248,1509
E6L,,4720,2009,1887
E7A,,3970,1953,1722
E7B,,5757,2517,2392
E7C,,5328,2384,2249
E7E,,4465,1919,1837
E7G,,4097,2160,1736
E7H,,6059,2821,2497
E7J,,2180,942,878
E7K,,2682,1164,1083
E7L,,5439,2370,2178
E7M,,9948,4397,4114
E7N,,3110,1440,1213
E7P,,3668,1578,1450
E8A,,3585,1610,1511
E8B,,2379,1088,1013
E8C,,3862,1965,1787
E8E,,5506,2489,2351
E8G,,2916,1545,1391
E8J,,5763,2665,2457
E8K,,8780,3945,3652
E8L,,2427,1068,999
E8M,,2005,912,848
E8N,,2310,1443,1106
E8P,,3478,1542,1443
E8R,,3550,1601,1535
E8S,,4652,2189,1957
E8T,,6187,2893,2694
E9A,,2372,1150,1030
E9B,,2423,1127,978
E9C,,2274,1166,1017
E9E,,4287,1962,1711
E9G,,5316,2216,2060
E9H,,3055,1358,1235
G0A,,77309,38075,32093
G0C,,48768,23317,21310
G0E,,5163,3109,2383
G0G,,18155,8296,7062
G0H,,11031,4990,4579
G0J,,30614,16171,13458
G0K,,11912,6311,5105
G0L,,61464,31282,26028
G0M,,34449,16053,13914
G0N,,20013,10653,8647
G0P,,6770,3265,2730
G0R,,83516,41754,35483
G0S,,70018,30467,28081
G0T,,14853,7543,6490
G0V,,16590,9536,6823
G0W,,36141,17791,13760
G0X,,57843,31434,25425
G0Y,,9295,5667,4034
G0Z,,8495,4084,3590
G1A,,0,1,1
G1B,,15866,5990,5898
G1C,,36498,15246,15018
G1E,,24827,12531,12168
G1G,,23924,10799,10565
G1H,,29045,15191,14785
G1J,,22758,13009,12503
G1K,,18459,11927,11082
G1L,,23030,13574,13082
G1M,,19954,9966,9739
G1N,,8108,4991,4676
G1P,,16406,8167,7934
G1R,,16413,11765,10430
G1S,,24806,14036,13174
G1T,,6725,2751,2678
G1V,,19435,12157,10447
G1W,,20633,10514,10087
G1X,,26006,13244,12920
G1Y,,12962,5278,5202
G2A,,14914,6086,5997
G2B,,23365,10372,10031
G2C,,10362,5316,4851
G2E,,20940,8972,8849
G2G,,10061,4188,4123
G2J,,3046,1658,1612
G2K,,9251,4637,4442
G2L,,13466,5835,5798
G2M,,4718,2013,1963
G2N,,7745,3214,3163
G3A,,18553,6822,6604
G3B,,7426,2877,2675
G3C,,7662,3601,3024
G3E,,14267,5307,5265
G3G,,9898,3957,3849
G3H,,8705,3609,3463
G3J,,9189,3738,3673
G3K,,16249,6340,6253
G3L,,9632,5515,4138
G3M,,6242,2905,2808
G3N,,8170,4192,3327
G3Z,,7337,3620,3190
G4A,,3118,1437,1393
G4R,,21117,9632,8977
G4S,,5285,2200,2159
G4T,,12781,6153,5382
G4V,,7149,3417,3197
G4W,,14471,7297,6904
G4X,,15163,6897,6438
G4Z,,10105,4683,4433
G5A,,8895,4465,3896
G5B,,6149,2787,2634
G5C,,12094,5596,5274
G5H,,7184,3395,3254
G5J,,6330,2959,2803
G5L,,29801,15436,14394
G5M,,6335,2646,2563
G5N,,7821,3233,3131
G5R,,19452,9541,8856
G5T,,3052,1516,1359
G5V,,11485,5509,5227
G5X,,6363,2846,2667
G5Y,,22925,11319,10571
G5Z,,6347,2688,2607
G6A,,2033,779,760
G6B,,8403,4175,3752
G6C,,6968,2719,2675
G6E,,12803,5617,5476
G6G,,19801,9769,9300
G6H,,7344,3348,3174
G6J,,9902,3787,3730
G6K,,7831,2953,2933
G6L,,15013,6657,6501
G6P,,29841,14580,14046
G6R,,4161,1522,1493
G6S,,4204,1803,1759
G6T,,8147,3259,3181
G6V,,36379,17281,16735
G6W,,23480,10824,10627
G6X,,10078,4741,4664
G6Z,,18374,6812,6742
G7A,,20458,7875,7658
G7B,,17767,8111,7728
G7G,,16539,6869,6783
G7H,,29025,14457,13743
G7J,,14790,6931,6794
G7K,,613,284,280
G7N,,5979,2526,2406
G7P,,6673,2865,2683
G7S,,20142,8492,8392
G7T,,106,50,44
G7X,,26162,13389,12533
G7Y,,638,274,266
G7Z,,2967,1084,1075
G8A,,6144,2705,2636
G8B,,23110,10821,10347
G8C,,3626,1385,1368
G8E,,4041,1631,1564
G8G,,4107,2059,1695
G8H,,10395,4915,4655
G8J,,4239,3234,1722
G8K,,10278,4835,4389
G8L,,14925,7044,6528
G8M,,5448,2364,2268
G8N,,2432,1200,993
G8P,,7623,3507,3254
G8T,,28709,14581,13876
G8V,,9248,3629,3538
G8W,,9774,4335,4159
G8Y,,32179,15625,14836
G8Z,,13471,8013,6964
G9A,,20643,12184,11121
G9B,,15040,6179,5944
G9C,,2317,1000,970
G9H,,12435,5665,5328
G9N,,16740,9516,8600
G9P,,11166,5260,5104
G9R,,2143,917,883
G9T,,16306,8583,7916
G9X,,10914,6433,5147
H1A,,32432,14471,13885
H1B,,19854,9171,8772
H1C,,13659,4384,4273
H1E,,43294,17238,16630
H1G,,48604,21641,19934
H1H,,35648,16239,15124
H1J,,10345,4914,4803
H1K,,32364,14168,13623
H1L,,32996,16690,15838
H1M,,28928,14958,14276
H1N,,23028,11981,11431
H1P,,17748,7478,7214
H1R,,29843,12170,11688
H1S,,24490,10638,10177
H1T,,30202,15591,14845
H1V,,21093,12097,11357
H1W,,28422,16429,15307
H1X,,29859,16659,15849
H1Y,,25836,14357,13749
H1Z,,35439,14358,13430
H2A,,18846,8680,8233
H2B,,17361,9052,8597
H2C,,17382,8657,8280
H2E,,23986,12257,11556
H2G,,21367,12345,11671
H2H,,13689,8079,7630
H2J,,25531,15764,14820
H2K,,27414,16574,15497
H2L,,22941,15015,13602
H2M,,18054,9842,8802
H2N,,6028,2679,2509
H2P,,14047,7620,7157
H2R,,21532,12046,11493
H2S,,25931,15161,14280
H2T,,15911,8846,8257
H2V,,30465,13690,12647
H2W,,11071,6887,6012
H2X,,19432,14501,11834
H2Y,,3457,2715,2119
H2Z,,1961,1293,1029
H3A,,3784,2926,2224
H3B,,339,430,224
H3C,,6617,4806,3958
H3E,,18318,9286,8786
H3G,,7149,5148,4107
H3H,,17737,12485,10677
H3J,,10244,4899,4608
H3K,,13924,7571,6983
H3L,,19704,9782,9098
H3M,,15091,6668,6339
H3N,,29284,13061,12108
H3P,,10339,3768,3640
H3R,,9674,3813,3645
H3S,,33274,15598,14281
H3T,,12638,7233,6331
H3V,,6619,4322,3967
H3W,,31071,13284,12353
H3X,,23261,10903,10093
H3Y,,9745,3589,3372
H3Z,,11597,6613,5928
H4A,,26015,12728,11712
H4B,,20375,10807,10173
H4C,,15804,9114,8461
H4E,,30231,15577,14784
H4G,,28965,16083,14899
H4H,,19082,9514,9057
H4J,,17692,7575,6946
H4K,,11220,4006,3855
H4L,,35480,14483,13746
H4M,,12271,4643,4409
H4N,,26173,11400,10669
H4P,,4569,2115,1953
H4R,,24049,9989,9551
H4S,,502,222,215
H4T,,0,1,1
H4V,,20676,9673,8928
H4W,,24500,10386,9858
H4X,,6426,2565,2443
H4Y,,5,3,3
H4Z,,0,0,0
H5A,,0,0,0
H5B,,5,2,2
H7A,,19153,6754,6565
H7B,,3059,1030,1020
H7C,,8925,3675,3459
H7E,,25417,9730,9539
H7G,,20318,9120,8627
H7H,,12946,4781,4705
H7J,,2269,895,856
H7K,,21903,7842,7730
H7L,,34917,12920,12666
H7M,,27697,11073,10870
H7N,,39752,18875,18072
H7P,,32979,12217,12030
H7R,,28653,10541,10274
H7S,,7306,3176,3074
H7T,,20438,8303,8032
H7V,,21888,10213,9585
H7W,,39792,16523,15743
H7X,,25162,8700,8540
H7Y,,8979,3141,3069
H8N,,27341,12173,11624
H8P,,22346,10813,10235
H8R,,29849,13886,12921
H8S,,21461,10534,9693
H8T,,14663,6729,6478
H8Y,,18766,7614,7210
H8Z,,14892,5634,5467
H9A,,15776,5317,5173
H9B,,21191,7613,7379
H9C,,11964,4120,4048
H9E,,2742,1133,1069
H9G,,15903,5643,5571
H9H,,25631,9731,9481
H9J,,22552,7651,7465
H9K,,8114,2612,2561
H9P,,3883,1552,1516
H9R,,23121,9091,8827
H9S,,21999,10331,9718
H9W,,19505,6811,6687
H9X,,9843,3999,3703
J0A,,19187,8740,7932
J0B,,61485,30777,25509
J0C,,21917,9548,8882
J0E,,47708,26034,20229
J0G,,18907,9207,8211
J0H,,51400,21503,20532
J0J,,40304,18237,16376
J0K,,135850,72238,58589
J0L,,70341,28936,27784
J0M,,21730,5822,5237
J0N,,46784,17946,17406
J0P,,37274,15894,15007
J0R,,33730,18956,15090
J0S,,33837,16184,14215
J0T,,47088,40752,22346
J0V,,26139,16321,11578
J0W,,15953,11367,7201
J0X,,44986,29972,19043
J0Y,,29086,13042,11504
J0Z,,34622,16494,14264
J1A,,9494,4306,4066
J1C,,6260,2518,2478
J1E,,22088,11602,10727
J1G,,19122,8831,8490
J1H,,27776,16020,14547
J1J,,14472,7102,6752
J1K,,7272,4039,3183
J1L,,13690,7275,6875
J1M,,5250,2847,2319
J1N,,28879,11921,11529
J1R,,9751,3711,3658
J1S,,7670,3478,3307
J1T,,8003,3883,3629
J1X,,29958,16720,13675
J1Z,,5170,1993,1934
J2A,,10973,4422,4243
J2B,,27597,13500,12809
J2C,,29684,14286,13703
J2E,,4005,1728,1690
J2G,,28591,14836,14219
J2H,,17608,6677,6573
J2J,,17147,7567,7382
J2K,,15636,7168,6785
J2L,,7642,4300,3291
J2M,,6677,2747,2574
J2N,,8330,3852,3617
J2R,,10114,4165,4090
J2S,,27896,14701,13756
J2T,,15232,6911,6648
J2W,,28144,10629,10448
J2X,,18761,7858,7637
J2Y,,5692,2167,2134
J3A,,8426,4811,4694
J3B,,31354,14943,14367
J3E,,30002,10876,10746
J3G,,30358,12346,12032
J3H,,25327,10094,9831
J3L,,43978,17270,16787
J3M,,10094,4303,4201
J3N,,16736,6235,6178
J3P,,25843,12533,11912
J3R,,13176,6557,6253
J3T,,7828,3515,3368
J3V,,25751,10066,9891
J3X,,20994,8001,7894
J3Y,,57744,23030,22488
J3Z,,4213,1331,1308
J4B,,40752,16521,16236
J4G,,10075,4666,4562
J4H,,14868,8345,7910
J4J,,29108,15044,14151
J4K,,25026,13161,12317
J4L,,30873,14056,13293
J4M,,12167,4605,4531
J4N,,7927,3926,3834
J4P,,10755,5447,5156
J4R,,9704,4743,4536
J4S,,6174,3177,3081
J4T,,17445,7971,7705
J4V,,16866,7411,7179
J4W,,18217,7416,7138
J4X,,17347,6683,6521
J4Y,,19206,7402,7235
J4Z,,24523,10603,10110
J5A,,24891,9073,8869
J5B,,7462,2911,2884
J5C,,16766,6653,6560
J5J,,13375,5437,5162
J5K,,13087,5230,4948
J5L,,17986,7358,7076
J5M,,17466,6973,6619
J5R,,43233,16926,16523
J5T,,13267,5205,5018
J5V,,7517,3694,3575
J5W,,23349,9567,9246
J5X,,8651,3419,3260
J5Y,,26948,10266,9937
J5Z,,27408,11271,11012
J6A,,33477,14628,14379
J6E,,42179,20289,19539
J6J,,23539,9631,9358
J6K,,22363,8792,8548
J6N,,11581,5398,5127
J6R,,11584,4454,4320
J6S,,23364,10876,10512
J6T,,16709,8173,7782
J6V,,10803,3835,3748
J6W,,31573,13318,13015
J6X,,22837,8537,8421
J6Y,,17899,6341,6176
J6Z,,18937,7247,7136
J7A,,14318,5196,5091
J7B,,13196,3961,3928
J7C,,39126,14831,14346
J7E,,29797,13771,13133
J7G,,17452,7085,6877
J7H,,6778,2673,2528
J7J,,18703,7508,7238
J7K,,30836,12099,11688
J7L,,11655,4191,4101
J7M,,23207,8250,8027
J7N,,23246,8864,8523
J7P,,24856,10568,10360
J7R,,36840,14903,14626
J7T,,25405,8968,8747
J7V,,70485,27818,27116
J7W,,1625,593,586
J7X,,4564,1930,1832
J7Y,,22630,11313,10864
J7Z,,27824,13856,13164
J8A,,8079,4781,3555
J8B,,12139,7194,5782
J8C,,10130,6177,4603
J8E,,9525,7544,4368
J8G,,8031,4976,3493
J8H,,13468,7021,6109
J8L,,17883,7761,7208
J8M,,12413,4925,4757
J8N,,10963,6518,4317
J8P,,33048,14567,14101
J8R,,27624,10088,9954
J8T,,40274,18899,18076
J8V,,25507,9483,9264
J8X,,10305,6300,5520
J8Y,,23830,13191,12275
J8Z,,15441,7686,7381
J9A,,19850,9186,8769
J9B,,6977,2955,2570
J9E,,8088,4046,3663
J9H,,28791,12005,11597
J9J,,26000,9736,9396
J9L,,13788,6750,6188
J9P,,32180,14874,14044
J9T,,13245,5950,5644
J9V,,3440,1662,1549
J9X,,27056,13404,12677
J9Y,,5666,2219,2045
J9Z,,7715,3614,3527
K0A,,99182,37868,36185
K0B,,20971,9037,8464
K0C,,51537,21526,20363
K0E,,38410,17220,15529
K0G,,35054,17137,13841
K0H,,43678,24329,16866
K0J,,33626,19407,14049
K0K,,109311,48858,42938
K0L,,68907,44381,28474
K0M,,47817,37573,20276
K1A,,5,2,2
K1B,,17273,6790,6664
K1C,,38032,14055,13854
K1E,,15419,5687,5657
K1G,,33994,14817,14229
K1H,,15714,7130,6808
K1J,,26899,11052,10793
K1K,,29725,14174,13518
K1L,,16756,10059,9198
K1M,,6801,3162,2901
K1N,,24757,15797,13136
K1P,,321,297,234
K1R,,18488,11505,10172
K1S,,28079,13825,12638
K1T,,30996,11159,10926
K1V,,54374,21959,21085
K1W,,7180,2346,2267
K1X,,839,373,336
K1Y,,19185,9677,9238
K1Z,,20549,10375,9775
K2A,,15901,7123,6938
K2B,,32749,15577,14893
K2C,,28369,12805,12099
K2E,,18884,8124,7780
K2G,,49573,18018,17562
K2H,,26354,10800,10567
K2J,,54257,18680,18108
K2K,,24117,8675,8531
K2L,,19933,7320,7247
K2M,,22161,7421,7339
K2P,,15550,11434,10542
K2R,,1276,418,407
K2S,,28752,9926,9758
K2T,,5823,2023,1883
K2V,,728,247,247
K2W,,7613,2356,2307
K4A,,47213,16186,15788
K4B,,4956,1737,1684
K4C,,4472,1590,1532
K4K,,14084,5497,5398
K4M,,9179,3409,3307
K4P,,8944,2974,2912
K4R,,6672,2284,2271
K6A,,12860,6234,5894
K6H,,29573,13500,12832
K6J,,17791,8160,7919
K6K,,2653,1067,1056
K6T,,614,217,213
K6V,,28323,13195,12597
K7A,,16613,7386,6935
K7C,,16230,7105,6397
K7G,,8477,4061,3633
K7H,,15079,7892,6395
K7K,,32304,15289,13997
K7L,,20246,11862,9002
K7M,,46755,21276,20471
K7N,,7173,2791,2743
K7P,,19045,7304,7147
K7R,,14251,6338,5873
K7S,,12666,5599,5405
K7V,,13341,6407,5799
K8A,,26690,11581,10998
K8B,,460,155,154
K8H,,13910,5514,5237
K8N,,27242,12478,11843
K8P,,21318,9667,9154
K8R,,1478,552,549
K8V,,27139,11678,11176
K9A,,24458,10674,10113
K9H,,27433,13408,12279
K9J,,44769,20245,18796
K9K,,12774,4847,4684
K9L,,6305,2492,2396
K9V,,26504,11861,10919
L0A,,13492,5074,4822
L0B,,15028,5830,5443
L0C,,8972,3313,3160
L0E,,19503,9410,7470
L0G,,41086,14602,14064
L0H,,3411,1208,1120
L0J,,4902,1440,1401
L0K,,34064,20833,13784
L0L,,44340,20378,16049
L0M,,32752,12916,11595
L0N,,19512,7539,6923
L0P,,8089,2850,2750
L0R,,87424,31293,30642
L0S,,51669,24684,20208
L0V,,0,1,0
L1A,,14808,6328,6043
L1B,,10768,4285,4148
L1C,,39347,14508,14025
L1E,,24860,8500,8336
L1G,,40859,18149,17401
L1H,,31177,14073,13289
L1J,,42215,17316,16611
L1K,,32648,10813,10623
L1L,,2959,1033,946
L1M,,19534,6153,6034
L1N,,46572,18044,17611
L1P,,16456,5258,5132
L1R,,38444,12120,11901
L1S,,40462,15174,14906
L1T,,47818,13921,13747
L1V,,52312,17493,17250
L1W,,16907,6394,6277
L1X,,16502,4848,4776
L1Y,,2009,745,679
L1Z,,21010,6383,6270
L2A,,16527,7441,6806
L2E,,20525,9843,8999
L2G,,25477,11420,10754
L2H,,21462,7506,7369
L2J,,14586,6066,5905
L2M,,32511,14111,13623
L2N,,31103,13340,13041
L2P,,13830,6194,5843
L2R,,24345,12561,11247
L2S,,18622,7328,6978
L2T,,9937,5372,4368
L2V,,15523,6920,6145
L2W,,2049,660,657
L3B,,22368,10372,9713
L3C,,30541,13217,12626
L3K,,18479,8858,7968
L3M,,24906,9650,9458
L3P,,39205,12893,12750
L3R,,62393,18690,18332
L3S,,57644,15011,14095
L3T,,48039,18017,17609
L3V,,43564,19953,17936
L3X,,37567,11689,11557
L3Y,,45294,17305,16791
L3Z,,26570,9445,8947
L4A,,33943,12352,11894
L4B,,35432,10805,10677
L4C,,71220,26164,25483
L4E,,44440,13516,13020
L4G,,53203,18092,17691
L4H,,58066,16343,16099
L4J,,76944,25135,24644
L4K,,15822,4871,4812
L4L,,55424,17745,17222
L4M,,44334,18515,17344
L4N,,95129,35178,33969
L4P,,27874,10335,9788
L4R,,17911,8243,7699
L4S,,34449,9684,9471
L4T,,39097,12407,11442
L4V,,0,0,0
L4W,,21479,7513,7424
L4X,,19747,7004,6878
L4Y,,23989,9143,9000
L4Z,,37331,13069,12004
L5A,,47249,18426,17976
L5B,,59396,24060,22597
L5C,,30589,10157,9978
L5E,,12689,5391,5231
L5G,,20174,9162,8568
L5H,,17996,6632,6451
L5J,,28518,10638,10428
L5K,,14271,4753,4685
L5L,,45572,15334,15059
L5M,,98792,29498,28843
L5N,,85120,27265,26957
L5P,,5,1,1
L5R,,37198,12209,11659
L5S,,5,2,2
L5T,,17,14,11
L5V,,50765,13521,13323
L5W,,23453,6341,6067
L6A,,77186,22761,21898
L6B,,22938,6636,6501
L6C,,40572,11670,11450
L6E,,26917,7968,7810
L6G,,3944,2289,1960
L6H,,59917,20299,19847
L6J,,24871,8568,8334
L6K,,12392,5732,5493
L6L,,28659,11114,10903
L6M,,56689,18184,17838
L6P,,61932,15053,14291
L6R,,79689,19525,19037
L6S,,54498,17318,17016
L6T,,37509,13186,12887
L6V,,42209,14334,13728
L6W,,22194,8254,7955
L6X,,54217,17171,16277
L6Y,,74362,22755,21586
L6Z,,32228,9710,9462
L7A,,65043,17351,17026
L7B,,7967,2683,2571
L7C,,16734,5770,5500
L7E,,34570,10961,10805
L7G,,44150,15166,14971
L7J,,13692,5000,4911
L7K,,8331,2968,2824
L7L,,45039,16797,16650
L7M,,44646,16060,15870
L7N,,12920,5528,5467
L7P,,28461,10523,10423
L7R,,16547,7880,7699
L7S,,11905,6029,5895
L7T,,16215,6978,6758
L8E,,38320,14145,13764
L8G,,21661,9083,8940
L8H,,26285,11710,11032
L8J,,21410,6946,6862
L8K,,31832,14002,13652
L8L,,32279,14487,12957
L8M,,13835,7163,6394
L8N,,14794,7898,7025
L8P,,21950,13465,12498
L8R,,10523,5480,4966
L8S,,14494,8713,6490
L8T,,19158,7848,7731
L8V,,21325,9628,9345
L8W,,25686,8282,8132
L9A,,24409,9940,9736
L9B,,20827,7084,6926
L9C,,39951,14700,14340
L9G,,22956,8149,7978
L9H,,31593,12562,12209
L9J,,258,100,98
L9K,,11066,3361,3291
L9L,,14663,5700,5462
L9M,,14185,7998,5731
L9N,,10484,3635,3556
L9P,,16649,6208,5970
L9R,,17469,7074,6838
L9S,,25462,10576,9443
L9T,,78910,26157,25725
L9V,,899,250,245
L9W,,36808,13472,13010
L9Y,,21691,14013,9390
L9Z,,17513,11634,7565
M1B,,67251,20881,20045
M1C,,35601,11410,11152
M1E,,46398,17543,16877
M1G,,30243,10548,10092
M1H,,23706,8949,8540
M1J,,36163,12970,12320
M1K,,47286,18458,17692
M1L,,32981,12423,12002
M1M,,22919,8896,8611
M1N,,21505,9446,9032
M1P,,43305,16675,15613
M1R,,28943,11203,10636
M1S,,36505,12498,11414
M1T,,34364,12841,12536
M1V,,56313,16510,16193
M1W,,49590,16378,16076
M1X,,14744,3574,3531
M2H,,25331,9061,8802
M2J,,54104,20503,19488
M2K,,19897,8797,8353
M2L,,12025,4201,4034
M2M,,32696,13015,12399
M2N,,67114,32185,29619
M2P,,7813,3166,3007
M2R,,39583,15545,15215
M3A,,34435,13540,13086
M3B,,13499,5241,5076
M3C,,38289,16050,15625
M3H,,34535,13785,13161
M3J,,25356,10810,9484
M3K,,5889,2307,2181
M3L,,18000,6564,6194
M3M,,23727,9620,9183
M3N,,42762,14558,13748
M4A,,14150,6223,6058
M4B,,18453,7820,7555
M4C,,45822,20005,19319
M4E,,24598,11346,10767
M4G,,18030,7616,7397
M4H,,18478,6457,6346
M4J,,35146,15232,14719
M4K,,31624,15058,14577
M4L,,31544,14420,13716
M4M,,23135,9969,9459
M4N,,15194,6377,6037
M4P,,19185,12028,11435
M4R,,11048,5230,4958
M4S,,25627,14039,13591
M4T,,10094,5293,5074
M4V,,17271,10096,9430
M4W,,14022,7645,7109
M4X,,20387,10689,10111
M4Y,,26207,18779,17237
M5A,,34649,19382,18172
M5B,,11352,7425,6549
M5C,,2974,1866,1738
M5E,,6436,4280,3982
M5G,,7001,4788,4055
M5H,,1027,1103,720
M5J,,10454,7137,6316
M5K,,5,2,2
M5L,,5,1,1
M5M,,25852,9941,9536
M5N,,16349,6811,6450
M5P,,18343,9181,8611
M5R,,25056,14907,13570
M5S,,13690,7622,6719
M5T,,18705,9335,8680
M5V,,30669,22424,19335
M5W,,5,1,1
M5X,,5,2,2
M6A,,19754,7881,7495
M6B,,29236,11530,11055
M6C,,24256,10870,10317
M6E,,37920,15295,14340
M6G,,32075,14311,13229
M6H,,42856,19383,17735
M6J,,28949,13535,12660
M6K,,35320,19536,17712
M6L,,20807,7639,7412
M6M,,41954,16336,15660
M6N,,41312,16738,15845
M6P,,37959,19322,17940
M6R,,19439,9149,8564
M6S,,31548,14240,13507
M7A,,0,1,1
M7Y,,0,1,1
M8V,,31921,17173,16029
M8W,,20046,9036,8534
M8X,,10481,4577,4454
M8Y,,19805,9413,8965
M8Z,,15302,6433,6186
M9A,,33520,14360,13874
M9B,,30182,11584,11313
M9C,,36672,14462,14244
M9L,,11998,4066,3651
M9M,,20681,7149,6787
M9N,,24946,10826,10240
M9P,,20970,8097,7827
M9R,,32581,12343,11858
M9V,,55949,17584,16465
M9W,,41164,14302,13628
N0A,,35928,16193,14034
N0B,,75175,26447,25419
N0C,,16031,8124,6210
N0E,,34754,14485,12669
N0G,,82117,34788,30714
N0H,,46602,31704,19634
N0J,,31501,11255,10727
N0K,,24169,8872,8529
N0L,,48404,18446,17822
N0M,,64473,29840,25100
N0N,,40813,17693,15656
N0P,,53122,23163,20826
N0R,,43966,17590,16023
N1A,,11848,5266,4646
N1C,,3756,1187,1172
N1E,,36540,15354,14727
N1G,,25879,12081,10041
N1H,,42288,19384,18151
N1K,,8682,2645,2590
N1L,,11650,4286,3914
N1M,,15145,6245,5782
N1P,,7101,2183,2169
N1R,,41728,17060,16396
N1S,,19068,7543,7357
N1T,,16373,4842,4772
N2A,,27195,10413,10146
N2B,,16818,7200,7033
N2C,,14535,6511,6262
N2E,,37660,13336,13082
N2G,,12933,7305,6676
N2H,,20770,10697,10070
N2J,,17270,9938,8225
N2K,,26093,9217,9014
N2L,,25261,14020,10602
N2M,,32875,14800,14217
N2N,,26351,8550,8499
N2P,,18160,6668,6412
N2R,,7492,2491,2421
N2T,,20031,6727,6596
N2V,,15720,5152,5063
N2Z,,10506,5287,4471
N3A,,14664,5532,5383
N3B,,11881,4210,4169
N3C,,26517,9152,9010
N3E,,317,99,97
N3H,,21425,9066,8729
N3L,,14109,5492,5330
N3P,,8885,3192,3156
N3R,,34290,14209,13884
N3S,,24713,11138,10404
N3T,,30881,12764,11902
N3V,,1617,554,550
N3W,,13717,4886,4794
N3Y,,22080,9611,9083
N4B,,7803,3294,3168
N4G,,18826,8365,8065
N4K,,28778,13034,12358
N4L,,8008,4011,3421
N4N,,9751,4342,4030
N4S,,31793,13903,13307
N4T,,8828,3609,3425
N4V,,2444,935,891
N4W,,10515,4132,3941
N4X,,9363,3825,3642
N4Z,,2427,891,888
N5A,,30875,13881,13318
N5C,,14211,5764,5514
N5H,,14820,5334,5065
N5L,,2967,1646,1323
N5P,,19461,8142,7696
N5R,,26971,11282,10958
N5V,,31509,12930,12054
N5W,,22862,11258,10391
N5X,,29442,11541,11007
N5Y,,32401,16107,14323
N5Z,,23660,10945,10164
N6A,,10050,8573,5520
N6B,,10044,7188,6059
N6C,,31085,14884,14071
N6E,,27909,10366,10028
N6G,,35533,14835,12982
N6H,,38452,18645,17320
N6J,,27029,12988,12381
N6K,,33237,13422,12980
N6L,,1404,395,366
N6M,,5314,1839,1800
N6N,,731,301,285
N6P,,7133,2606,2515
N7A,,11662,6271,5121
N7G,,18041,6965,6778
N7L,,24821,11120,10680
N7M,,25541,11227,10543
N7S,,28226,11180,10913
N7T,,26602,13917,12839
N7V,,11996,5728,5536
N7W,,1948,1002,979
N7X,,1141,463,444
N8A,,12482,5718,5369
N8H,,26680,10017,9302
N8M,,10870,4411,4290
N8N,,24541,9156,8984
N8P,,10784,4094,4049
N8R,,12134,4272,4158
N8S,,21863,10705,10190
N8T,,17435,7884,7471
N8V,,0,1,1
N8W,,23969,9848,9537
N8X,,15306,7799,6912
N8Y,,18581,9669,8697
N9A,,24110,14301,11734
N9B,,16331,7926,6640
N9C,,11119,6147,4868
N9E,,20501,7607,7467
N9G,,19008,6330,6204
N9H,,9352,3329,3217
N9J,,18544,6525,6433
N9K,,2360,719,714
N9V,,19852,7897,7513
N9Y,,14487,5859,5440
P0A,,16045,14496,7082
P0B,,8841,9049,3560
P0C,,3614,6470,1568
P0E,,2926,3265,1204
P0G,,3452,4689,1492
P0H,,30624,16366,12355
P0J,,21401,10032,8966
P0K,,10986,5868,4870
P0L,,23952,11071,9225
P0M,,48496,23746,19873
P0N,,9941,4281,3912
P0P,,19024,12324,7985
P0R,,12136,8215,5255
P0S,,9628,6647,4054
P0T,,30471,17588,12796
P0V,,16347,6990,5531
P0W,,6879,4305,2601
P0X,,8474,7441,3205
P0Y,,63,214,32
P1A,,17247,7503,7215
P1B,,34094,16648,15422
P1C,,2988,975,958
P1H,,15960,9242,6483
P1L,,16082,8995,6525
P1P,,9865,6541,3952
P2A,,12602,8961,5441
P2B,,9446,4360,4064
P2N,,7424,3903,3455
P3A,,24602,10506,10091
P3B,,14928,7574,6945
P3C,,16657,9755,8772
P3E,,26887,13142,12166
P3G,,3783,1593,1436
P3L,,8012,3142,3015
P3N,,8022,3202,2963
P3P,,15210,5715,5498
P3Y,,7502,2927,2832
P4N,,27098,12367,11756
P4P,,3108,1143,1136
P4R,,3320,1181,1145
P5A,,11348,6245,5680
P5E,,5600,2514,2344
P5N,,8350,4118,3805
P6A,,35692,16439,15145
P6B,,23271,10750,10470
P6C,,19839,8656,8376
P7A,,26689,12466,11892
P7B,,27018,14513,11976
P7C,,24806,11107,10534
P7E,,21469,10308,9895
P7G,,9292,3360,3287
P7J,,4007,1443,1377
P7K,,4307,1641,1626
P7L,,1898,1057,754
P8N,,10588,4743,4411
P8T,,4743,1941,1784
P9A,,10371,4750,4347
P9N,,14505,7247,6035
R0A,,39436,14273,12834
R0B,,45474,12505,10652
R0C,,51773,26833,19756
R0E,,42836,27833,16552
R0G,,42736,15705,14993
R0H,,15801,5153,4654
R0J,,26677,14226,10924
R0K,,26828,11888,10361
R0L,,27986,13352,11298
R0M,,19792,9141,7953
R1A,,20913,8030,7840
R1B,,212,128,120
R1N,,16453,6969,6536
R2C,,32930,12674,12477
R2E,,9090,3137,3073
R2G,,32622,14569,14209
R2H,,15525,7880,7415
R2J,,25072,10141,9960
R2K,,32838,13760,13522
R2L,,14921,6531,6301
R2M,,37895,17173,16740
R2N,,27732,10080,9942
R2P,,27925,8911,8709
R2R,,20036,6052,5953
R2V,,33973,13811,13555
R2W,,28736,12381,11002
R2X,,17622,6715,6338
R2Y,,19853,8743,8625
R3A,,4293,1768,1425
R3B,,12596,6008,5231
R3C,,16463,10304,9281
R3E,,18804,7626,6909
R3G,,24830,11012,10407
R3H,,127,45,38
R3J,,26912,12755,12370
R3K,,12233,5115,5047
R3L,,19923,11564,10851
R3M,,22101,10759,10242
R3N,,16469,7453,7219
R3P,,18706,7063,6924
R3R,,25068,9861,9734
R3S,,477,159,156
R3T,,45631,18846,18119
R3V,,6194,2360,2323
R3W,,6806,2508,2339
R3X,,14251,4940,4599
R3Y,,11570,3674,3474
R4A,,3833,1304,1268
R4H,,2290,617,598
R4J,,925,319,314
R4K,,956,224,216
R4L,,1094,398,378
R5A,,2910,1027,983
R5G,,20128,7035,6883
R5H,,5333,1903,1868
R6M,,8953,3543,3464
R6W,,18155,5709,5571
R7A,,27240,11876,11248
R7B,,20371,8637,8385
R7C,,2295,1094,1061
R7N,,10138,4837,4535
R8A,,5726,2894,2521
R8N,,13223,5619,4906
R9A,,7557,3239,2957
S0A,,53779,27750,22952
S0C,,22639,11089,8994
S0E,,33842,16081,13674
S0G,,62425,30745,24734
S0H,,22644,11351,9342
S0J,,48872,22954,16147
S0K,,80672,33206,30155
S0L,,30995,14671,12530
S0M,,47554,21286,16196
S0N,,21388,9997,8237
S0P,,7640,2194,1902
S2V,,730,450,290
S3N,,17930,8091,7612
S4A,,12218,5220,4903
S4H,,11153,4893,4727
S4L,,4696,1510,1495
S4N,,29456,12463,11915
S4P,,13082,7753,7177
S4R,,34587,14515,14055
S4S,,33861,14941,14396
S4T,,31971,14729,13813
S4V,,24082,8984,8796
S4W,,510,234,197
S4X,,23786,8937,8699
S4Y,,3329,1069,1054
S4Z,,459,264,183
S6H,,28072,13514,12470
S6J,,4626,2033,1935
S6K,,1066,409,388
S6V,,40964,16902,15494
S6W,,17,12,10
S6X,,1653,573,541
S7H,,35836,16947,16036
S7J,,31368,13337,12913
S7K,,38721,17792,16781
S7L,,38684,15285,14557
S7M,,30525,12780,11974
S7N,,28546,12618,11908
S7P,,172,65,57
S7R,,2568,1004,870
S7S,,5919,2193,2057
S7T,,6000,2500,2252
S7V,,7096,2857,2737
S7W,,5265,1908,1736
S9A,,14986,6573,6130
S9H,,17409,7954,7439
S9V,,11936,4865,4441
S9X,,7760,3036,2766
T0A,,53574,23583,19685
T0B,,62661,26562,23685
T0C,,60451,27068,21943
T0E,,41713,20708,15990
T0G,,43274,17968,15139
T0H,,81716,30856,28013
T0J,,48728,19391,17249
T0K,,54122,19964,17413
T0L,,55444,20977,18890
T0M,,67012,29179,25376
T0P,,2851,1220,989
T0V,,10,6,5
T1A,,25552,12780,11584
T1B,,29851,12386,11759
T1C,,9009,3831,3626
T1G,,10545,4030,3777
T1H,,25137,10913,10253
T1J,,17674,8692,7696
T1K,,43467,18708,17082
T1L,,7584,2850,2565
T1M,,9629,3493,3327
T1P,,15266,5951,5595
T1R,,16462,6616,6032
T1S,,28732,10379,9924
T1V,,15240,6316,6073
T1W,,12662,8255,5332
T1X,,16599,5520,5263
T1Y,,54571,18282,17432
T1Z,,68,22,13
T2A,,56898,21882,20497
T2B,,22731,9758,9148
T2C,,19219,7661,7342
T2E,,32555,17099,15676
T2G,,12349,7314,6543
T2H,,8512,4044,3901
T2J,,46722,18772,18239
T2K,,34319,15223,14576
T2L,,12887,5776,5550
T2M,,19445,10157,8853
T2N,,23247,12100,11116
T2P,,12305,8347,6943
T2R,,12645,9252,8238
T2S,,14368,8522,7823
T2T,,27337,15185,13904
T2V,,32351,15279,14450
T2W,,42689,17082,16687
T2X,,34049,11679,11373
T2Y,,57965,20955,20321
T2Z,,55742,20178,19708
T3A,,52765,19102,18676
T3B,,35892,15210,14546
T3C,,22173,11835,10829
T3E,,38787,17906,17026
T3G,,57277,20660,20257
T3H,,62084,22865,22168
T3J,,65518,18742,17799
T3K,,72609,25606,24957
T3L,,29085,9853,9735
T3M,,17635,6399,6109
T3N,,2035,715,638
T3P,,6304,2117,2049
T3R,,12446,4018,3850
T3S,,330,130,119
T3Z,,10397,3496,3314
T4A,,10783,3927,3811
T4B,,33992,12490,11977
T4C,,22350,8776,8229
T4E,,850,299,290
T4G,,11861,4599,4385
T4H,,10789,4656,4345
T4J,,10259,4260,3996
T4L,,15887,6233,5882
T4N,,32888,16481,14880
T4P,,27573,11218,10572
T4R,,33673,12467,12176
T4S,,17360,7838,6490
T4T,,15112,5913,5544
T4V,,19167,8637,8151
T4X,,13284,4566,4369
T5A,,33829,14003,13298
T5B,,15561,8047,6968
T5C,,16181,6622,6184
T5E,,30726,12463,11666
T5G,,12323,6601,5569
T5H,,26205,15593,13319
T5J,,4293,2926,2382
T5K,,22165,15994,14373
T5L,,16400,6964,6552
T5M,,14450,7314,6646
T5N,,14367,7412,6928
T5P,,20240,9953,9100
T5R,,25444,10388,10003
T5S,,2885,1302,1260
T5T,,59004,23484,22602
T5V,,122,55,46
T5W,,20507,9014,8511
T5X,,36989,13771,13369
T5Y,,36578,13583,12933
T5Z,,26315,8438,8224
T6A,,14710,6722,6323
T6B,,9182,4163,3943
T6C,,19936,9953,9235
T6E,,22138,13751,12127
T6G,,11824,7044,5630
T6H,,31184,13710,12825
T6J,,46809,19268,18487
T6K,,29564,10711,10338
T6L,,52290,18465,17856
T6M,,22417,7952,7610
T6N,,10,2,2
T6P,,1872,896,853
T6R,,40934,14638,13945
T6S,,37,7,7
T6T,,24190,8055,7301
T6V,,15171,5352,5249
T6W,,22006,8998,8403
T6X,,16954,6308,5871
T7A,,12045,4746,4561
T7E,,12767,5398,4961
T7N,,7836,3309,3066
T7P,,7766,3211,2975
T7S,,12233,4871,4548
T7V,,10440,4556,4089
T7X,,34870,13331,12576
T7Y,,6336,2261,2175
T7Z,,23429,9235,8719
T8A,,44954,16387,16176
T8B,,6419,2256,2082
T8C,,4414,1563,1505
T8E,,8189,2903,2811
T8G,,5064,1922,1806
T8H,,22995,8890,8573
T8L,,21254,8925,8108
T8N,,61544,23018,22541
T8R,,12813,4597,4364
T8S,,8349,3477,3163
T8T,,5362,1769,1698
T8V,,35773,15840,14452
T8W,,14888,5372,5119
T8X,,12446,4580,4389
T9A,,15451,6535,6184
T9C,,6925,3175,2902
T9E,,27076,10866,10346
T9G,,6510,2471,2387
T9H,,27096,12100,9798
T9J,,4535,1762,1583
T9K,,32434,13472,11178
T9M,,17417,6973,6339
T9N,,10821,4245,3946
T9S,,7458,3630,2871
T9V,,18951,7767,7244
T9W,,7714,3317,3020
T9X,,5659,2548,2293
V0A,,13197,9172,5581
V0B,,31610,19797,13715
V0C,,27439,11749,10229
V0E,,64561,36828,27846
V0G,,25770,13228,11283
V0H,,51870,28093,22651
V0J,,53578,24214,20710
V0K,,32533,18668,14267
V0L,,4846,2732,1963
V0M,,11207,5365,4274
V0N,,76287,47098,32442
V0P,,7029,4538,3155
V0R,,63089,31651,27016
V0S,,268,147,111
V0T,,8830,4467,3589
V0V,,2202,959,743
V0W,,386,460,223
V0X,,19974,10736,8601
V1A,,7574,3862,3354
V1B,,20468,8804,7694
V1C,,24355,10643,10115
V1E,,19133,8432,7955
V1G,,14539,6640,5987
V1H,,12423,6909,5320
V1J,,23959,10135,9313
V1K,,9772,4405,3946
V1L,,16512,8021,7364
V1M,,30664,11292,10984
V1N,,12169,5571,5157
V1P,,7088,3111,2485
V1R,,9989,5120,4710
V1S,,10530,4312,3984
V1T,,27120,12931,12014
V1V,,18855,8299,7596
V1W,,31679,14010,12712
V1X,,32197,14523,13122
V1Y,,31344,17438,15293
V1Z,,13381,6005,5151
V2A,,36594,18145,16750
V2B,,37512,16089,15352
V2C,,22781,10957,10181
V2E,,14076,5491,5273
V2G,,18409,8294,7592
V2H,,6066,2723,2493
V2J,,23107,10322,9658
V2K,,20478,8516,8000
V2L,,9470,4975,4202
V2M,,23054,10721,9776
V2N,,30969,12786,11873
V2P,,34689,15586,14590
V2R,,44088,17992,16796
V2S,,46674,19648,18227
V2T,,52912,18449,17132
V2V,,31985,12803,11426
V2W,,16376,5502,5239
V2X,,46460,19127,18455
V2Y,,23950,8820,8170
V2Z,,15090,5989,5709
V3A,,40689,17723,16995
V3B,,49852,19649,18768
V3C,,37575,14230,13710
V3E,,33970,11253,10698
V3G,,23259,8135,7745
V3H,,36534,14297,13825
V3J,,39659,16378,15550
V3K,,29992,11969,11266
V3L,,25743,12420,11679
V3M,,40183,20170,18894
V3N,,37216,14292,13588
V3R,,55219,20532,19349
V3S,,105549,35958,33638
V3T,,33444,15001,13128
V3V,,46707,14803,13614
V3W,,89171,28027,26023
V3X,,21830,6832,6284
V3Y,,17982,7084,6787
V4A,,36012,15202,14732
V4B,,19339,10498,9866
V4C,,41812,13724,13123
V4E,,12120,3867,3841
V4G,,97,48,44
V4K,,24439,9343,9155
V4L,,7833,3543,3428
V4M,,14287,5576,5468
V4N,,68420,22826,21448
V4P,,12143,4945,4747
V4R,,13221,4531,4352
V4S,,6493,2373,2208
V4T,,25267,11506,10239
V4V,,13701,6561,5536
V4W,,19411,7404,6991
V4X,,10917,3770,3426
V4Z,,3924,1454,1309
V5A,,23803,9092,8620
V5B,,22312,8770,8332
V5C,,28373,12301,11587
V5E,,26291,10868,10280
V5G,,19205,7212,6938
V5H,,35943,16953,16058
V5J,,20331,7484,7129
V5K,,22545,8760,8098
V5L,,18454,10597,9524
V5M,,22729,8211,7706
V5N,,33157,14285,13293
V5P,,32082,10912,10084
V5R,,45899,17022,16063
V5S,,27736,9938,9646
V5T,,21905,12641,11991
V5V,,23132,9055,8461
V5W,,19219,7321,6750
V5X,,28509,9240,8525
V5Y,,13160,6644,5828
V5Z,,21413,10852,10286
V6A,,17674,8644,7957
V6B,,24814,16082,14244
V6C,,1995,1514,1061
V6E,,25385,17443,15828
V6G,,25427,18414,16767
V6H,,17046,10200,9692
V6J,,21206,12661,11874
V6K,,25556,14586,13670
V6L,,10833,3985,3746
V6M,,16853,7344,6889
V6N,,14290,5131,4777
V6P,,30879,12998,12450
V6R,,18891,8906,8099
V6S,,9854,3880,3479
V6T,,12056,5585,4691
V6V,,11210,3552,3446
V6W,,1174,458,417
V6X,,29146,11427,10578
V6Y,,44769,18869,17804
V6Z,,15979,10689,8850
V7A,,26346,8999,8669
V7B,,787,296,291
V7C,,39166,13823,13326
V7E,,37873,13746,13445
V7G,,11672,4450,4297
V7H,,12418,4551,4476
V7J,,15823,6073,5850
V7K,,12317,4451,4239
V7L,,24620,12247,11525
V7M,,18244,9842,9233
V7N,,14860,5725,5429
V7P,,11684,5252,5019
V7R,,14955,5299,5108
V7S,,10927,4352,3823
V7T,,9129,4166,3889
V7V,,14935,7162,6572
V7W,,8626,3429,3224
V7X,,5,1,1
V7Y,,0,3,1
V8A,,18021,9015,8122
V8B,,9400,4062,3748
V8C,,8335,4280,3630
V8G,,18793,8188,7489
V8J,,12620,5900,5030
V8K,,10237,5654,4663
V8L,,22800,10928,10003
V8M,,15515,6875,6546
V8N,,24192,11394,9305
V8P,,17612,8303,7638
V8R,,22945,11359,10575
V8S,,16710,8416,7832
V8T,,18975,10184,9295
V8V,,24260,16206,14609
V8W,,4516,3422,2783
V8X,,22240,10421,9853
V8Y,,9906,4199,3976
V8Z,,29370,12020,11475
V9A,,35689,19537,18027
V9B,,39182,16978,15771
V9C,,20069,7905,7439
V9E,,4965,2094,1964
V9G,,14037,6346,5930
V9H,,8302,3521,3324
V9J,,8537,3965,3445
V9K,,14922,8004,6907
V9L,,33894,14524,13769
V9M,,16707,7718,7354
V9N,,28608,13347,12767
V9P,,24175,12192,11165
V9R,,26084,12859,11581
V9S,,15728,8022,7484
V9T,,30415,13211,12609
V9V,,10534,4324,4139
V9W,,27970,12998,12174
V9X,,9751,3989,3797
V9Y,,25628,12287,11256
V9Z,,15614,7101,6225
X0A,,16939,5817,4886
X0B,,6012,1710,1541
X0C,,8955,2550,2234
X0E,,21194,9279,7394
X0G,,536,225,174
X1A,,19732,7671,7132
Y0A,,1758,1090,782
Y0B,,6538,4282,3028
Y1A,,25601,10887,10307

Note:
"Incompletely enumerated Indian reserves and Indian settlements, 2011","T = excludes census data for one or more incompletely enumerated Indian reserves or Indian settlements."
"Incompletely enumerated Indian reserves and Indian settlements, 2006","T = excludes census data for one or more incompletely enumerated Indian reserves or Indian settlements."
"2006 adjusted population flag","T = adjusted figure due to boundary change."
"2006 adjusted total private dwellings flag","T = adjusted figure due to boundary change."
"2006 adjusted private dwellings occupied by usual residents flag","T = adjusted figure due to boundary change."
"For further information, refer to: http://www12.statcan.gc.ca/census-recensement/2011/dp-pd/hlt-fst/pd-pl/Notes-eng.cfm."

"Source: Statistics Canada, 2011 Census of Population."
"How to cite: Statistics Canada. 2012. Population and dwelling counts, for Canada and forward sortation areas as reported by the respondents, 2011 Census (table). Population and Dwelling Count Highlight Tables. 2011 Census."
"Statistics Canada Catalogue no. 98-310-XWE2011002. Released February 8, 2012."
"http://www12.statcan.gc.ca/census-recensement/2011/dp-pd/hlt-fst/pd-pl/FullFile.cfm?T=1201&LANG=eng&OFT=CSV&OFN=98-310-XWE2011002-1201.CSV"
"©This data includes information copied with permission from Canada Post Corporation."
